INSERT INTO IM_USER_MST (USER_ID,USER_CODE,ACTIVE_START_TIME,ACTIVE_END_TIME,USER_NAME,MAIL,TEL,FAX,DELETED_FLG,VERSION_NO) VALUES ('I_USER_01','pubuser01','2011-05-06 12:00:00','2100-12-31 12:00:00','ToshibaTaro01','user01@sample.stvidmf.com','00000000','11111111',0,0);
INSERT INTO IM_USER_MST (USER_ID,USER_CODE,ACTIVE_START_TIME,ACTIVE_END_TIME,USER_NAME,MAIL,TEL,FAX,DELETED_FLG,VERSION_NO) VALUES ('I_USER_02','pubuser02','2011-05-06 12:00:00','2100-12-31 12:00:00','ToshibaTaro02','user02@sample.stvidmf.com','00000000','11111111',0,0);
INSERT INTO IM_USER_MST (USER_ID,USER_CODE,ACTIVE_START_TIME,ACTIVE_END_TIME,USER_NAME,MAIL,TEL,FAX,DELETED_FLG,VERSION_NO) VALUES ('I_USER_03','pubuser03','2011-05-06 12:00:00','2100-12-31 12:00:00','ToshibaTaro03','user03@sample.stvidmf.com','00000000','11111111',0,0);
INSERT INTO IM_USER_MST (USER_ID,USER_CODE,ACTIVE_START_TIME,ACTIVE_END_TIME,USER_NAME,MAIL,TEL,FAX,DELETED_FLG,VERSION_NO) VALUES ('I_USER_04','pubuser04','2011-05-06 12:00:00','2100-12-31 12:00:00','ToshibaTaro04','user04@sample.stvidmf.com','00000000','11111111',0,0);
INSERT INTO IM_USER_MST (USER_ID,USER_CODE,ACTIVE_START_TIME,ACTIVE_END_TIME,USER_NAME,MAIL,TEL,FAX,DELETED_FLG,VERSION_NO) VALUES ('I_USER_05','pubuser05','2011-05-06 12:00:00','2100-12-31 12:00:00','ToshibaTaro05','user05@sample.stvidmf.com','00000000','11111111',0,0);
INSERT INTO IM_USER_MST (USER_ID,USER_CODE,ACTIVE_START_TIME,ACTIVE_END_TIME,USER_NAME,MAIL,TEL,FAX,DELETED_FLG,VERSION_NO) VALUES ('I_USER_06','admin01'  ,'2011-05-06 12:00:00','2100-12-31 12:00:00','ToshibaHanako01','admin01@sample.stvidmf.com','22222222','33333333',0,0);
INSERT INTO IM_USER_MST (USER_ID,USER_CODE,ACTIVE_START_TIME,ACTIVE_END_TIME,USER_NAME,MAIL,TEL,FAX,DELETED_FLG,VERSION_NO) VALUES ('I_USER_07','admin02'  ,'2011-05-06 12:00:00','2100-12-31 12:00:00','ToshibaHanako02','admin02@sample.stvidmf.com','22222222','33333333',0,0);
INSERT INTO IM_USER_MST (USER_ID,USER_CODE,ACTIVE_START_TIME,ACTIVE_END_TIME,USER_NAME,MAIL,TEL,FAX,DELETED_FLG,VERSION_NO) VALUES ('I_USER_08','admin03'  ,'2011-05-06 12:00:00','2100-12-31 12:00:00','ToshibaHanako03','admin31@sample.stvidmf.com','44444444','55555555',0,0);
INSERT INTO IM_USER_MST (USER_ID,USER_CODE,ACTIVE_START_TIME,ACTIVE_END_TIME,USER_NAME,MAIL,TEL,FAX,DELETED_FLG,VERSION_NO) VALUES ('I_USER_09','pubuser21','2011-05-06 12:00:00','2100-12-31 12:00:00','ToshibaTaro21','user21@sample.stvidmf.com','00000000','11111111',0,0);
INSERT INTO IM_USER_MST (USER_ID,USER_CODE,ACTIVE_START_TIME,ACTIVE_END_TIME,USER_NAME,MAIL,TEL,FAX,DELETED_FLG,VERSION_NO) VALUES ('I_USER_10','pubuser22','2011-05-06 12:00:00','2100-12-31 12:00:00','ToshibaTaro22','user22@sample.stvidmf.com','00000000','11111111',0,0);
INSERT INTO IM_USER_MST (USER_ID,USER_CODE,ACTIVE_START_TIME,ACTIVE_END_TIME,USER_NAME,MAIL,TEL,FAX,DELETED_FLG,VERSION_NO) VALUES ('I_USER_11','pubuser23','2011-05-06 12:00:00','2100-12-31 12:00:00','ToshibaTaro23','user23@sample.stvidmf.com','00000000','11111111',0,0);
INSERT INTO IM_USER_MST (USER_ID,USER_CODE,ACTIVE_START_TIME,ACTIVE_END_TIME,USER_NAME,MAIL,TEL,FAX,DELETED_FLG,VERSION_NO) VALUES ('I_USER_12','pubuser28','2011-05-06 12:00:00','2100-12-31 12:00:00','ToshibaTaro28','user28@sample.stvidmf.com','00000000','11111111',0,0);
INSERT INTO IM_USER_MST (USER_ID,USER_CODE,ACTIVE_START_TIME,ACTIVE_END_TIME,USER_NAME,MAIL,TEL,FAX,DELETED_FLG,VERSION_NO) VALUES ('I_USER_13','pubuser32','2011-05-06 12:00:00','2100-12-31 12:00:00','ToshibaTaro32','user32@sample.stvidmf.com','00000000','11111111',0,0);

INSERT INTO IM_ORG_MST (ORG_ID,ORG_CODE,ORG_NAME,DELETED_FLG,VERSION_NO) VALUES ('I_ORG_01','org_01','Personnel Department',0,0);
INSERT INTO IM_ORG_MST (ORG_ID,ORG_CODE,ORG_NAME,DELETED_FLG,VERSION_NO) VALUES ('I_ORG_02','org_02','Technical Department',0,0);
INSERT INTO IM_ORG_MST (ORG_ID,ORG_CODE,ORG_NAME,DELETED_FLG,VERSION_NO) VALUES ('I_ORG_03','org_03','Management Department',0,0);

INSERT INTO IM_TITLE_MST (TITLE_ID,TITLE_CODE,TITLE_NAME,DELETED_FLG,VERSION_NO) VALUES ('I_TITLE_01','title_01','Staff',0,0);
INSERT INTO IM_TITLE_MST (TITLE_ID,TITLE_CODE,TITLE_NAME,DELETED_FLG,VERSION_NO) VALUES ('I_TITLE_02','title_02','Manager',0,0);

INSERT INTO IM_POSITION (POSITION_ID,POSITION_CODE,USER_ID,ORG_ID,TITLE_ID,ACTIVE_START_TIME,ACTIVE_END_TIME,DELETED_FLG,VERSION_NO) VALUES ('I_POSITION_01','position_01','I_USER_01','I_ORG_01','I_TITLE_01','2011-05-06 12:00:00','2100-12-31 12:00:00',0,0);
INSERT INTO IM_POSITION (POSITION_ID,POSITION_CODE,USER_ID,ORG_ID,TITLE_ID,ACTIVE_START_TIME,ACTIVE_END_TIME,DELETED_FLG,VERSION_NO) VALUES ('I_POSITION_02','position_02','I_USER_02','I_ORG_01','I_TITLE_01','2011-05-06 12:00:00','2100-12-31 12:00:00',0,0);
INSERT INTO IM_POSITION (POSITION_ID,POSITION_CODE,USER_ID,ORG_ID,TITLE_ID,ACTIVE_START_TIME,ACTIVE_END_TIME,DELETED_FLG,VERSION_NO) VALUES ('I_POSITION_03','position_03','I_USER_03','I_ORG_02','I_TITLE_01','2011-05-06 12:00:00','2100-12-31 12:00:00',0,0);
INSERT INTO IM_POSITION (POSITION_ID,POSITION_CODE,USER_ID,ORG_ID,TITLE_ID,ACTIVE_START_TIME,ACTIVE_END_TIME,DELETED_FLG,VERSION_NO) VALUES ('I_POSITION_04','position_04','I_USER_04','I_ORG_02','I_TITLE_01','2011-05-06 12:00:00','2100-12-31 12:00:00',0,0);
INSERT INTO IM_POSITION (POSITION_ID,POSITION_CODE,USER_ID,ORG_ID,TITLE_ID,ACTIVE_START_TIME,ACTIVE_END_TIME,DELETED_FLG,VERSION_NO) VALUES ('I_POSITION_05','position_05','I_USER_05','I_ORG_03','I_TITLE_01','2011-05-06 12:00:00','2100-12-31 12:00:00',0,0);
INSERT INTO IM_POSITION (POSITION_ID,POSITION_CODE,USER_ID,ORG_ID,TITLE_ID,ACTIVE_START_TIME,ACTIVE_END_TIME,DELETED_FLG,VERSION_NO) VALUES ('I_POSITION_06','position_06','I_USER_06','I_ORG_01','I_TITLE_02','2011-05-06 12:00:00','2100-12-31 12:00:00',0,0);
INSERT INTO IM_POSITION (POSITION_ID,POSITION_CODE,USER_ID,ORG_ID,TITLE_ID,ACTIVE_START_TIME,ACTIVE_END_TIME,DELETED_FLG,VERSION_NO) VALUES ('I_POSITION_07','position_07','I_USER_07','I_ORG_02','I_TITLE_02','2011-05-06 12:00:00','2100-12-31 12:00:00',0,0);
INSERT INTO IM_POSITION (POSITION_ID,POSITION_CODE,USER_ID,ORG_ID,TITLE_ID,ACTIVE_START_TIME,ACTIVE_END_TIME,DELETED_FLG,VERSION_NO) VALUES ('I_POSITION_08','position_08','I_USER_08','I_ORG_03','I_TITLE_02','2011-05-06 12:00:00','2100-12-31 12:00:00',0,0);
INSERT INTO IM_POSITION (POSITION_ID,POSITION_CODE,USER_ID,ORG_ID,TITLE_ID,ACTIVE_START_TIME,ACTIVE_END_TIME,DELETED_FLG,VERSION_NO) VALUES ('I_POSITION_09','position_09','I_USER_09','I_ORG_01','I_TITLE_01','2011-05-06 12:00:00','2100-12-31 12:00:00',0,0);
INSERT INTO IM_POSITION (POSITION_ID,POSITION_CODE,USER_ID,ORG_ID,TITLE_ID,ACTIVE_START_TIME,ACTIVE_END_TIME,DELETED_FLG,VERSION_NO) VALUES ('I_POSITION_10','position_10','I_USER_10','I_ORG_01','I_TITLE_01','2011-05-06 12:00:00','2100-12-31 12:00:00',0,0);
INSERT INTO IM_POSITION (POSITION_ID,POSITION_CODE,USER_ID,ORG_ID,TITLE_ID,ACTIVE_START_TIME,ACTIVE_END_TIME,DELETED_FLG,VERSION_NO) VALUES ('I_POSITION_11','position_11','I_USER_11','I_ORG_02','I_TITLE_01','2011-05-06 12:00:00','2100-12-31 12:00:00',0,0);
INSERT INTO IM_POSITION (POSITION_ID,POSITION_CODE,USER_ID,ORG_ID,TITLE_ID,ACTIVE_START_TIME,ACTIVE_END_TIME,DELETED_FLG,VERSION_NO) VALUES ('I_POSITION_12','position_12','I_USER_12','I_ORG_02','I_TITLE_01','2011-05-06 12:00:00','2100-12-31 12:00:00',0,0);
INSERT INTO IM_POSITION (POSITION_ID,POSITION_CODE,USER_ID,ORG_ID,TITLE_ID,ACTIVE_START_TIME,ACTIVE_END_TIME,DELETED_FLG,VERSION_NO) VALUES ('I_POSITION_13','position_13','I_USER_13','I_ORG_03','I_TITLE_01','2011-05-06 12:00:00','2100-12-31 12:00:00',0,0);

INSERT INTO IM_ROLE_MST (ROLE_ID,ROLE_CODE,ROLE_NAME,DELETED_FLG,VERSION_NO) VALUES ('I_ROLE_01','userRole','user Role',0,0);
INSERT INTO IM_ROLE_MST (ROLE_ID,ROLE_CODE,ROLE_NAME,DELETED_FLG,VERSION_NO) VALUES ('I_ROLE_02','hManagerRole','Human Manager Role',0,0);
INSERT INTO IM_ROLE_MST (ROLE_ID,ROLE_CODE,ROLE_NAME,DELETED_FLG,VERSION_NO) VALUES ('I_ROLE_03','eManagerRole','Engineering Manager Role',0,0);
INSERT INTO IM_ROLE_MST (ROLE_ID,ROLE_CODE,ROLE_NAME,DELETED_FLG,VERSION_NO) VALUES ('I_ROLE_04','Regular','Regular Member',0,0);
INSERT INTO IM_ROLE_MST (ROLE_ID,ROLE_CODE,ROLE_NAME,DELETED_FLG,VERSION_NO) VALUES ('I_ROLE_05','Premium','Premium Member',0,0);

INSERT INTO IM_POSITION_ROLE (POSITION_ROLE_ID,POSITION_ROLE_CODE,POSITION_ID,ROLE_ID,ACTIVE_START_TIME,ACTIVE_END_TIME,DELETED_FLG,VERSION_NO) VALUES ('I_POSITION_ROLE_01','position_role_01','I_POSITION_01','I_ROLE_01','2011-05-06 12:00:00 +9:00','2100-12-31 12:00:00 +9:00',0,0);
INSERT INTO IM_POSITION_ROLE (POSITION_ROLE_ID,POSITION_ROLE_CODE,POSITION_ID,ROLE_ID,ACTIVE_START_TIME,ACTIVE_END_TIME,DELETED_FLG,VERSION_NO) VALUES ('I_POSITION_ROLE_02','position_role_02','I_POSITION_02','I_ROLE_01','2011-05-06 12:00:00 +9:00','2100-12-31 12:00:00 +9:00',0,0);
INSERT INTO IM_POSITION_ROLE (POSITION_ROLE_ID,POSITION_ROLE_CODE,POSITION_ID,ROLE_ID,ACTIVE_START_TIME,ACTIVE_END_TIME,DELETED_FLG,VERSION_NO) VALUES ('I_POSITION_ROLE_03','position_role_03','I_POSITION_03','I_ROLE_01','2011-05-06 12:00:00 +9:00','2100-12-31 12:00:00 +9:00',0,0);
INSERT INTO IM_POSITION_ROLE (POSITION_ROLE_ID,POSITION_ROLE_CODE,POSITION_ID,ROLE_ID,ACTIVE_START_TIME,ACTIVE_END_TIME,DELETED_FLG,VERSION_NO) VALUES ('I_POSITION_ROLE_04','position_role_04','I_POSITION_04','I_ROLE_01','2011-05-06 12:00:00 +9:00','2100-12-31 12:00:00 +9:00',0,0);
INSERT INTO IM_POSITION_ROLE (POSITION_ROLE_ID,POSITION_ROLE_CODE,POSITION_ID,ROLE_ID,ACTIVE_START_TIME,ACTIVE_END_TIME,DELETED_FLG,VERSION_NO) VALUES ('I_POSITION_ROLE_05','position_role_05','I_POSITION_05','I_ROLE_01','2011-05-06 12:00:00 +9:00','2100-12-31 12:00:00 +9:00',0,0);
INSERT INTO IM_POSITION_ROLE (POSITION_ROLE_ID,POSITION_ROLE_CODE,POSITION_ID,ROLE_ID,ACTIVE_START_TIME,ACTIVE_END_TIME,DELETED_FLG,VERSION_NO) VALUES ('I_POSITION_ROLE_06','position_role_06','I_POSITION_06','I_ROLE_02','2011-05-06 12:00:00 +9:00','2100-12-31 12:00:00 +9:00',0,0);
INSERT INTO IM_POSITION_ROLE (POSITION_ROLE_ID,POSITION_ROLE_CODE,POSITION_ID,ROLE_ID,ACTIVE_START_TIME,ACTIVE_END_TIME,DELETED_FLG,VERSION_NO) VALUES ('I_POSITION_ROLE_07','position_role_07','I_POSITION_07','I_ROLE_03','2011-05-06 12:00:00 +9:00','2100-12-31 12:00:00 +9:00',0,0);
INSERT INTO IM_POSITION_ROLE (POSITION_ROLE_ID,POSITION_ROLE_CODE,POSITION_ID,ROLE_ID,ACTIVE_START_TIME,ACTIVE_END_TIME,DELETED_FLG,VERSION_NO) VALUES ('I_POSITION_ROLE_08','position_role_08','I_POSITION_08','I_ROLE_02','2011-05-06 12:00:00 +9:00','2100-12-31 12:00:00 +9:00',0,0);
INSERT INTO IM_POSITION_ROLE (POSITION_ROLE_ID,POSITION_ROLE_CODE,POSITION_ID,ROLE_ID,ACTIVE_START_TIME,ACTIVE_END_TIME,DELETED_FLG,VERSION_NO) VALUES ('I_POSITION_ROLE_09','position_role_09','I_POSITION_08','I_ROLE_03','2011-05-06 12:00:00 +9:00','2100-12-31 12:00:00 +9:00',0,0);
INSERT INTO IM_POSITION_ROLE (POSITION_ROLE_ID,POSITION_ROLE_CODE,POSITION_ID,ROLE_ID,ACTIVE_START_TIME,ACTIVE_END_TIME,DELETED_FLG,VERSION_NO) VALUES ('I_POSITION_ROLE_10','position_role_10','I_POSITION_09','I_ROLE_01','2011-05-06 12:00:00 +9:00','2100-12-31 12:00:00 +9:00',0,0);
INSERT INTO IM_POSITION_ROLE (POSITION_ROLE_ID,POSITION_ROLE_CODE,POSITION_ID,ROLE_ID,ACTIVE_START_TIME,ACTIVE_END_TIME,DELETED_FLG,VERSION_NO) VALUES ('I_POSITION_ROLE_11','position_role_11','I_POSITION_10','I_ROLE_01','2011-05-06 12:00:00 +9:00','2100-12-31 12:00:00 +9:00',0,0);
INSERT INTO IM_POSITION_ROLE (POSITION_ROLE_ID,POSITION_ROLE_CODE,POSITION_ID,ROLE_ID,ACTIVE_START_TIME,ACTIVE_END_TIME,DELETED_FLG,VERSION_NO) VALUES ('I_POSITION_ROLE_12','position_role_12','I_POSITION_11','I_ROLE_01','2011-05-06 12:00:00 +9:00','2100-12-31 12:00:00 +9:00',0,0);
INSERT INTO IM_POSITION_ROLE (POSITION_ROLE_ID,POSITION_ROLE_CODE,POSITION_ID,ROLE_ID,ACTIVE_START_TIME,ACTIVE_END_TIME,DELETED_FLG,VERSION_NO) VALUES ('I_POSITION_ROLE_13','position_role_13','I_POSITION_12','I_ROLE_01','2011-05-06 12:00:00 +9:00','2100-12-31 12:00:00 +9:00',0,0);

INSERT INTO IM_PASSWORD (LOGIN_ID,COMPANY_CODE,PASSWORD,PASSWORD_CHANGED_TIME) VALUES ('pubuser01','Toshiba','$2a$10$b0kl7hfFttD7rBL2FBAJv.Q0I6gfpgkI9Kpu0WddoulhLPy2nY41u','2016-05-06 12:00:00');
INSERT INTO IM_PASSWORD (LOGIN_ID,COMPANY_CODE,PASSWORD,PASSWORD_CHANGED_TIME) VALUES ('pubuser02','Toshiba','$2a$10$b0kl7hfFttD7rBL2FBAJv.Q0I6gfpgkI9Kpu0WddoulhLPy2nY41u','2016-05-06 12:00:00');
INSERT INTO IM_PASSWORD (LOGIN_ID,COMPANY_CODE,PASSWORD,PASSWORD_CHANGED_TIME) VALUES ('pubuser03','Toshiba','$2a$10$b0kl7hfFttD7rBL2FBAJv.Q0I6gfpgkI9Kpu0WddoulhLPy2nY41u','2016-05-06 12:00:00');
INSERT INTO IM_PASSWORD (LOGIN_ID,COMPANY_CODE,PASSWORD,PASSWORD_CHANGED_TIME) VALUES ('pubuser04','Toshiba','$2a$10$b0kl7hfFttD7rBL2FBAJv.Q0I6gfpgkI9Kpu0WddoulhLPy2nY41u','2016-05-06 12:00:00');
INSERT INTO IM_PASSWORD (LOGIN_ID,COMPANY_CODE,PASSWORD,PASSWORD_CHANGED_TIME) VALUES ('pubuser05','Toshiba','$2a$10$b0kl7hfFttD7rBL2FBAJv.Q0I6gfpgkI9Kpu0WddoulhLPy2nY41u','2016-05-06 12:00:00');
INSERT INTO IM_PASSWORD (LOGIN_ID,COMPANY_CODE,PASSWORD,PASSWORD_CHANGED_TIME) VALUES ('admin01'  ,'Toshiba','$2a$10$b0kl7hfFttD7rBL2FBAJv.Q0I6gfpgkI9Kpu0WddoulhLPy2nY41u','2016-05-06 12:00:00');
INSERT INTO IM_PASSWORD (LOGIN_ID,COMPANY_CODE,PASSWORD,PASSWORD_CHANGED_TIME) VALUES ('admin02'  ,'Toshiba','$2a$10$b0kl7hfFttD7rBL2FBAJv.Q0I6gfpgkI9Kpu0WddoulhLPy2nY41u','2016-05-06 12:00:00');
INSERT INTO IM_PASSWORD (LOGIN_ID,COMPANY_CODE,PASSWORD,PASSWORD_CHANGED_TIME) VALUES ('admin03'  ,'Toshiba','$2a$10$b0kl7hfFttD7rBL2FBAJv.Q0I6gfpgkI9Kpu0WddoulhLPy2nY41u','2016-05-06 12:00:00');
INSERT INTO IM_PASSWORD (LOGIN_ID,COMPANY_CODE,PASSWORD,PASSWORD_CHANGED_TIME) VALUES ('pubuser21','Toshiba','$2a$10$b0kl7hfFttD7rBL2FBAJv.Q0I6gfpgkI9Kpu0WddoulhLPy2nY41u','2016-05-06 12:00:00');
INSERT INTO IM_PASSWORD (LOGIN_ID,COMPANY_CODE,PASSWORD,PASSWORD_CHANGED_TIME) VALUES ('pubuser22','Toshiba','$2a$10$b0kl7hfFttD7rBL2FBAJv.Q0I6gfpgkI9Kpu0WddoulhLPy2nY41u','2016-05-06 12:00:00');
INSERT INTO IM_PASSWORD (LOGIN_ID,COMPANY_CODE,PASSWORD,PASSWORD_CHANGED_TIME) VALUES ('pubuser23','Toshiba','$2a$10$b0kl7hfFttD7rBL2FBAJv.Q0I6gfpgkI9Kpu0WddoulhLPy2nY41u','2016-05-06 12:00:00');
INSERT INTO IM_PASSWORD (LOGIN_ID,COMPANY_CODE,PASSWORD,PASSWORD_CHANGED_TIME) VALUES ('pubuser28','Toshiba','$2a$10$b0kl7hfFttD7rBL2FBAJv.Q0I6gfpgkI9Kpu0WddoulhLPy2nY41u','2016-05-06 12:00:00');
INSERT INTO IM_PASSWORD (LOGIN_ID,COMPANY_CODE,PASSWORD,PASSWORD_CHANGED_TIME) VALUES ('pubuser32','Toshiba','$2a$10$b0kl7hfFttD7rBL2FBAJv.Q0I6gfpgkI9Kpu0WddoulhLPy2nY41u','2016-05-06 12:00:00');

INSERT INTO IM_LOGIN_CONTROL_INFO (LOGIN_ID,COMPANY_CODE,ACCOUNT_INACTIVE_FLG,ACCOUNT_ACTIVE_START_TIME,ACCOUNT_ACTIVE_END_TIME) VALUES ('pubuser01','Toshiba',0,'2011-05-06 12:00:00','2039-03-31 23:59:59');
INSERT INTO IM_LOGIN_CONTROL_INFO (LOGIN_ID,COMPANY_CODE,ACCOUNT_INACTIVE_FLG,ACCOUNT_ACTIVE_START_TIME,ACCOUNT_ACTIVE_END_TIME) VALUES ('pubuser02','Toshiba',0,'2011-05-06 12:00:00','2039-03-31 23:59:59');
INSERT INTO IM_LOGIN_CONTROL_INFO (LOGIN_ID,COMPANY_CODE,ACCOUNT_INACTIVE_FLG,ACCOUNT_ACTIVE_START_TIME,ACCOUNT_ACTIVE_END_TIME) VALUES ('pubuser03','Toshiba',0,'2011-05-06 12:00:00','2039-03-31 23:59:59');
INSERT INTO IM_LOGIN_CONTROL_INFO (LOGIN_ID,COMPANY_CODE,ACCOUNT_INACTIVE_FLG,ACCOUNT_ACTIVE_START_TIME,ACCOUNT_ACTIVE_END_TIME) VALUES ('pubuser04','Toshiba',0,'2011-05-06 12:00:00','2039-03-31 23:59:59');
INSERT INTO IM_LOGIN_CONTROL_INFO (LOGIN_ID,COMPANY_CODE,ACCOUNT_INACTIVE_FLG,ACCOUNT_ACTIVE_START_TIME,ACCOUNT_ACTIVE_END_TIME) VALUES ('pubuser05','Toshiba',0,'2011-05-06 12:00:00','2039-03-31 23:59:59');
INSERT INTO IM_LOGIN_CONTROL_INFO (LOGIN_ID,COMPANY_CODE,ACCOUNT_INACTIVE_FLG,ACCOUNT_ACTIVE_START_TIME,ACCOUNT_ACTIVE_END_TIME) VALUES ('admin01','Toshiba',0,'2011-05-06 12:00:00','2039-03-31 23:59:59');
INSERT INTO IM_LOGIN_CONTROL_INFO (LOGIN_ID,COMPANY_CODE,ACCOUNT_INACTIVE_FLG,ACCOUNT_ACTIVE_START_TIME,ACCOUNT_ACTIVE_END_TIME) VALUES ('admin02','Toshiba',0,'2011-05-06 12:00:00','2039-03-31 23:59:59');
INSERT INTO IM_LOGIN_CONTROL_INFO (LOGIN_ID,COMPANY_CODE,ACCOUNT_INACTIVE_FLG,ACCOUNT_ACTIVE_START_TIME,ACCOUNT_ACTIVE_END_TIME) VALUES ('admin03','Toshiba',0,'2011-05-06 12:00:00','2039-03-31 23:59:59');
INSERT INTO IM_LOGIN_CONTROL_INFO (LOGIN_ID,COMPANY_CODE,ACCOUNT_INACTIVE_FLG,ACCOUNT_ACTIVE_START_TIME,ACCOUNT_ACTIVE_END_TIME) VALUES ('pubuser21','Toshiba',1,'2011-05-06 12:00:00','2039-03-31 23:59:59');
INSERT INTO IM_LOGIN_CONTROL_INFO (LOGIN_ID,COMPANY_CODE,ACCOUNT_INACTIVE_FLG,ACCOUNT_ACTIVE_START_TIME,ACCOUNT_ACTIVE_END_TIME) VALUES ('pubuser22','Toshiba',0,'2011-05-06 12:00:00','2011-05-06 13:01:01');
INSERT INTO IM_LOGIN_CONTROL_INFO (LOGIN_ID,COMPANY_CODE,ACCOUNT_INACTIVE_FLG,ACCOUNT_ACTIVE_START_TIME,ACCOUNT_ACTIVE_END_TIME) VALUES ('pubuser23','Toshiba',0,'2011-05-06 12:00:00','2039-03-31 23:59:59');
INSERT INTO IM_LOGIN_CONTROL_INFO (LOGIN_ID,COMPANY_CODE,ACCOUNT_INACTIVE_FLG,ACCOUNT_ACTIVE_START_TIME,ACCOUNT_ACTIVE_END_TIME) VALUES ('pubuser28','Toshiba',0,'2011-05-06 12:00:00','2039-03-31 23:59:59');
INSERT INTO IM_LOGIN_CONTROL_INFO (LOGIN_ID,COMPANY_CODE,ACCOUNT_INACTIVE_FLG,ACCOUNT_ACTIVE_START_TIME,ACCOUNT_ACTIVE_END_TIME) VALUES ('pubuser32','Toshiba',0,'2011-05-06 12:00:00','2039-03-31 23:59:59');

INSERT INTO IM_USER_LOGIN_INFO (USER_LOGIN_INFO_ID,USER_LOGIN_INFO_CODE,USER_ID,LOGIN_ID,COMPANY_CODE,ACTIVE_START_TIME,ACTIVE_END_TIME,DELETED_FLG,VERSION_NO) VALUES ('I_USER_LOGIN_INFO_01','UL01','I_USER_01','pubuser01','Toshiba','2011-05-06 12:00:00','2100-12-31 12:00:00',0,0);
INSERT INTO IM_USER_LOGIN_INFO (USER_LOGIN_INFO_ID,USER_LOGIN_INFO_CODE,USER_ID,LOGIN_ID,COMPANY_CODE,ACTIVE_START_TIME,ACTIVE_END_TIME,DELETED_FLG,VERSION_NO) VALUES ('I_USER_LOGIN_INFO_02','UL02','I_USER_02','pubuser02','Toshiba','2011-05-06 12:00:00','2100-12-31 12:00:00',0,0);
INSERT INTO IM_USER_LOGIN_INFO (USER_LOGIN_INFO_ID,USER_LOGIN_INFO_CODE,USER_ID,LOGIN_ID,COMPANY_CODE,ACTIVE_START_TIME,ACTIVE_END_TIME,DELETED_FLG,VERSION_NO) VALUES ('I_USER_LOGIN_INFO_03','UL03','I_USER_03','pubuser03','Toshiba','2011-05-06 12:00:00','2100-12-31 12:00:00',0,0);
INSERT INTO IM_USER_LOGIN_INFO (USER_LOGIN_INFO_ID,USER_LOGIN_INFO_CODE,USER_ID,LOGIN_ID,COMPANY_CODE,ACTIVE_START_TIME,ACTIVE_END_TIME,DELETED_FLG,VERSION_NO) VALUES ('I_USER_LOGIN_INFO_04','UL04','I_USER_04','pubuser04','Toshiba','2011-05-06 12:00:00','2100-12-31 12:00:00',0,0);
INSERT INTO IM_USER_LOGIN_INFO (USER_LOGIN_INFO_ID,USER_LOGIN_INFO_CODE,USER_ID,LOGIN_ID,COMPANY_CODE,ACTIVE_START_TIME,ACTIVE_END_TIME,DELETED_FLG,VERSION_NO) VALUES ('I_USER_LOGIN_INFO_05','UL05','I_USER_05','pubuser05','Toshiba','2011-05-06 12:00:00','2100-12-31 12:00:00',0,0);
INSERT INTO IM_USER_LOGIN_INFO (USER_LOGIN_INFO_ID,USER_LOGIN_INFO_CODE,USER_ID,LOGIN_ID,COMPANY_CODE,ACTIVE_START_TIME,ACTIVE_END_TIME,DELETED_FLG,VERSION_NO) VALUES ('I_USER_LOGIN_INFO_06','UL06','I_USER_06','admin01','Toshiba','2011-05-06 12:00:00','2100-12-31 12:00:00',0,0);
INSERT INTO IM_USER_LOGIN_INFO (USER_LOGIN_INFO_ID,USER_LOGIN_INFO_CODE,USER_ID,LOGIN_ID,COMPANY_CODE,ACTIVE_START_TIME,ACTIVE_END_TIME,DELETED_FLG,VERSION_NO) VALUES ('I_USER_LOGIN_INFO_07','UL07','I_USER_07','admin02','Toshiba','2011-05-06 12:00:00','2100-12-31 12:00:00',0,0);
INSERT INTO IM_USER_LOGIN_INFO (USER_LOGIN_INFO_ID,USER_LOGIN_INFO_CODE,USER_ID,LOGIN_ID,COMPANY_CODE,ACTIVE_START_TIME,ACTIVE_END_TIME,DELETED_FLG,VERSION_NO) VALUES ('I_USER_LOGIN_INFO_08','UL08','I_USER_08','admin03','Toshiba','2011-05-06 12:00:00','2100-12-31 12:00:00',0,0);
INSERT INTO IM_USER_LOGIN_INFO (USER_LOGIN_INFO_ID,USER_LOGIN_INFO_CODE,USER_ID,LOGIN_ID,COMPANY_CODE,ACTIVE_START_TIME,ACTIVE_END_TIME,DELETED_FLG,VERSION_NO) VALUES ('I_USER_LOGIN_INFO_09','UL09','I_USER_09','pubuser21','Toshiba','2011-05-06 12:00:00','2100-12-31 12:00:00',0,0);
INSERT INTO IM_USER_LOGIN_INFO (USER_LOGIN_INFO_ID,USER_LOGIN_INFO_CODE,USER_ID,LOGIN_ID,COMPANY_CODE,ACTIVE_START_TIME,ACTIVE_END_TIME,DELETED_FLG,VERSION_NO) VALUES ('I_USER_LOGIN_INFO_10','UL10','I_USER_10','pubuser22','Toshiba','2011-05-06 12:00:00','2100-12-31 12:00:00',0,0);
INSERT INTO IM_USER_LOGIN_INFO (USER_LOGIN_INFO_ID,USER_LOGIN_INFO_CODE,USER_ID,LOGIN_ID,COMPANY_CODE,ACTIVE_START_TIME,ACTIVE_END_TIME,DELETED_FLG,VERSION_NO) VALUES ('I_USER_LOGIN_INFO_11','UL11','I_USER_11','pubuser23','Toshiba','2011-05-06 12:00:00','2100-12-31 12:00:00',0,0);
INSERT INTO IM_USER_LOGIN_INFO (USER_LOGIN_INFO_ID,USER_LOGIN_INFO_CODE,USER_ID,LOGIN_ID,COMPANY_CODE,ACTIVE_START_TIME,ACTIVE_END_TIME,DELETED_FLG,VERSION_NO) VALUES ('I_USER_LOGIN_INFO_12','UL12','I_USER_12','pubuser28','Toshiba','2011-05-06 12:00:00','2100-12-31 12:00:00',0,0);
INSERT INTO IM_USER_LOGIN_INFO (USER_LOGIN_INFO_ID,USER_LOGIN_INFO_CODE,USER_ID,LOGIN_ID,COMPANY_CODE,ACTIVE_START_TIME,ACTIVE_END_TIME,DELETED_FLG,VERSION_NO) VALUES ('I_USER_LOGIN_INFO_13','UL13','I_USER_13','pubuser32','Toshiba','2011-05-06 12:00:00','2100-12-31 12:00:00',0,0);

INSERT INTO IM_LOGIN_POLICY (LOGIN_POLICY_ID,LOGIN_POLICY_CODE,COMPANY_CODE,PASSWORD_EXPIRE_TERM,PASSWORD_MAX_FAILURE,PASSWORD_FAILURE_RESET_TERM,LOCKOUT_TERM,DELETED_FLG,VERSION_NO) VALUES ('I_LOGIN_POLICY_01','login_policy_1','Toshiba',86400000,3,60,60,0,0);
INSERT INTO IM_PASSWORD_HISTORY (LOGIN_ID,COMPANY_CODE,VERSION_NO,PASSWORD_HISTORY,PASSWORD_CHANGED_TIME,PASSWORD_CHANGED_USER) VALUES ('pubuser01','Toshiba',0,'$2a$10$b0kl7hfFttD7rBL2FBAJv.Q0I6gfpgkI9Kpu0WddoulhLPy2nY41u','2016-05-06 12:00:00','user01');
INSERT INTO IM_PASSWORD_POLICY (PASSWORD_POLICY_ID,PASSWORD_POLICY_CODE,COMPANY_CODE,PASSWORD_MIN_LENGTH,PASSWORD_LETTER_TYPE,PASSWORD_MIN_LETTER_TYPE,PASSWORD_IN_HISTORY,DELETED_FLG,VERSION_NO) VALUES ('I_PASSWORD_POLICY_01','password_policy_1','Toshiba',5,'a-z,A-Z,1-9',1,60,0,0);
INSERT INTO IM_AGENT (AGENT_ID,AGENT_CODE,POSITION_ID,AGENTED_POSITION_ID,DELETED_FLG,VERSION_NO) VALUES ('I_AGT_01','agt_01','I_POSITION_01','I_POSITION_02',0,0);

DROP TABLE IF EXISTS LOGIN_USER_SEQ;

CREATE TABLE LOGIN_USER_SEQ (
    ID DECIMAL (10)
);

INSERT INTO LOGIN_USER_SEQ VALUES (1);

/* IM_COMPANY_MSTおよびIM_COMPANY_NAME_MSTの設定 */
insert into IM_COMPANY_MST ( COMPANY_ID, COMPANY_CODE, COMPANY_TYPE, COMPANY_NAME, CREATED_TIME, CREATED_USER,DELETED_FLG,VERSION_NO )
       values( 'I_COMPANY_01', 'Toshiba', 'TYPE1', 'Shane株式会社', TO_DATE( '20120101100000', 'YYYYMMDDHHMISS' ), 'create',0,0 );
insert into IM_COMPANY_NAME_MST ( COMPANY_NAME_ID, COMPANY_ID, LOCALE, COMPANY_NAME,DELETED_FLG,VERSION_NO )
       values( '00000001', 'I_COMPANY_01', 'ja_JP', 'Shane株式会社',0,0);
insert into IM_COMPANY_NAME_MST ( COMPANY_NAME_ID, COMPANY_ID, LOCALE, COMPANY_NAME,DELETED_FLG,VERSION_NO )
       values( '00000002', 'I_COMPANY_01', 'en_US', 'Shane Corporation',0,0);

-- Localeの情報をUSER_MSTに追加
UPDATE IM_USER_MST SET LOCALE = 'ja_JP' WHERE USER_ID = 'I_USER_01';
UPDATE IM_USER_MST SET LOCALE = 'en_US' WHERE USER_ID = 'I_USER_02';
UPDATE IM_USER_MST SET LOCALE = 'de_DE' WHERE USER_ID = 'I_USER_03';
UPDATE IM_USER_MST SET LOCALE = 'cn_CH' WHERE USER_ID = 'I_USER_04';
UPDATE IM_USER_MST SET LOCALE = 'ja_JP' WHERE USER_ID = 'I_USER_05';
UPDATE IM_USER_MST SET LOCALE = 'ja_JP' WHERE USER_ID = 'I_USER_06';
UPDATE IM_USER_MST SET LOCALE = 'en_US' WHERE USER_ID = 'I_USER_07';
UPDATE IM_USER_MST SET LOCALE = 'de_DE' WHERE USER_ID = 'I_USER_08';
UPDATE IM_USER_MST SET LOCALE = 'ja_JP' WHERE USER_ID = 'I_USER_09';
UPDATE IM_USER_MST SET LOCALE = 'ja_JP' WHERE USER_ID = 'I_USER_10';
UPDATE IM_USER_MST SET LOCALE = 'ja_JP' WHERE USER_ID = 'I_USER_11';
UPDATE IM_USER_MST SET LOCALE = 'ja_JP' WHERE USER_ID = 'I_USER_12';
UPDATE IM_USER_MST SET LOCALE = 'ja_JP' WHERE USER_ID = 'I_USER_13';

-- IM_USER_NAME_MST
insert into IM_USER_NAME_MST ( USER_NAME_ID, USER_ID, LOCALE, USER_NAME,DELETED_FLG,VERSION_NO )
       values( '00000001', 'I_USER_06', 'ja_JP', 'Manager01',0,0 );
insert into IM_USER_NAME_MST ( USER_NAME_ID, USER_ID, LOCALE, USER_NAME,DELETED_FLG,VERSION_NO )
       values( '00000002', 'I_USER_07', 'ja_JP', 'Manager02',0,0 );
insert into IM_USER_NAME_MST ( USER_NAME_ID, USER_ID, LOCALE, USER_NAME,DELETED_FLG,VERSION_NO )
       values( '00000003', 'I_USER_08', 'ja_JP', 'Manager03',0,0 );
insert into IM_USER_NAME_MST ( USER_NAME_ID, USER_ID, LOCALE, USER_NAME,DELETED_FLG,VERSION_NO )
       values( '00000004', 'I_USER_06', 'en_US', 'Administrator01',0,0 );
insert into IM_USER_NAME_MST ( USER_NAME_ID, USER_ID, LOCALE, USER_NAME,DELETED_FLG,VERSION_NO )
       values( '00000005', 'I_USER_07', 'en_US', 'Administrator02',0,0 );
insert into IM_USER_NAME_MST ( USER_NAME_ID, USER_ID, LOCALE, USER_NAME,DELETED_FLG,VERSION_NO )
       values( '00000006', 'I_USER_08', 'en_US', 'Administrator03',0,0 );
insert into IM_USER_NAME_MST ( USER_NAME_ID, USER_ID, LOCALE, USER_NAME,DELETED_FLG,VERSION_NO )
       values( '00000007', 'I_USER_06', 'de_DE', 'Verwalter01',0,0 );
insert into IM_USER_NAME_MST ( USER_NAME_ID, USER_ID, LOCALE, USER_NAME,DELETED_FLG,VERSION_NO )
       values( '00000008', 'I_USER_07', 'de_DE', 'Verwalter02',0,0 );
insert into IM_USER_NAME_MST ( USER_NAME_ID, USER_ID, LOCALE, USER_NAME,DELETED_FLG,VERSION_NO )
       values( '00000009', 'I_USER_08', 'de_DE', 'Verwalter03',0,0 );

-- IM_TITILE_NAME_MST
insert into IM_TITLE_NAME_MST ( TITLE_NAME_ID, TITLE_ID, LOCALE, TITLE_NAME,DELETED_FLG,VERSION_NO )
       values( '00000001', 'I_TITLE_01', 'ja_JP', 'Post01',0,0 );
insert into IM_TITLE_NAME_MST ( TITLE_NAME_ID, TITLE_ID, LOCALE, TITLE_NAME,DELETED_FLG,VERSION_NO )
       values( '00000002', 'I_TITLE_02', 'ja_JP', 'Post02',0,0 );
insert into IM_TITLE_NAME_MST ( TITLE_NAME_ID, TITLE_ID, LOCALE, TITLE_NAME,DELETED_FLG,VERSION_NO )
       values( '00000004', 'I_TITLE_01', 'en_US', 'Post01',0,0 );
insert into IM_TITLE_NAME_MST ( TITLE_NAME_ID, TITLE_ID, LOCALE, TITLE_NAME,DELETED_FLG,VERSION_NO )
       values( '00000005', 'I_TITLE_02', 'en_US', 'Post02',0,0 );
insert into IM_TITLE_NAME_MST ( TITLE_NAME_ID, TITLE_ID, LOCALE, TITLE_NAME,DELETED_FLG,VERSION_NO )
       values( '00000007', 'I_TITLE_01', 'de_DE', 'Posten01',0,0 );
insert into IM_TITLE_NAME_MST ( TITLE_NAME_ID, TITLE_ID, LOCALE, TITLE_NAME,DELETED_FLG,VERSION_NO )
       values( '00000008', 'I_TITLE_02', 'de_DE', 'Posten02',0,0 );

-- IM_ROLE_NAME_MST
insert into IM_ROLE_NAME_MST ( ROLE_NAME_ID, ROLE_ID, LOCALE,ROLE_NAME,DELETED_FLG,VERSION_NO)
       values( '00000001', 'I_ROLE_01', 'ja_JP', 'Role01',0,0 );
insert into IM_ROLE_NAME_MST ( ROLE_NAME_ID, ROLE_ID, LOCALE,ROLE_NAME,DELETED_FLG,VERSION_NO)
       values( '00000002', 'I_ROLE_02', 'ja_JP', 'Role02',0,0 );
insert into IM_ROLE_NAME_MST ( ROLE_NAME_ID, ROLE_ID, LOCALE,ROLE_NAME,DELETED_FLG,VERSION_NO)
       values( '00000003', 'I_ROLE_03', 'ja_JP', 'Role03',0,0);
insert into IM_ROLE_NAME_MST ( ROLE_NAME_ID, ROLE_ID, LOCALE,ROLE_NAME,DELETED_FLG,VERSION_NO)
       values( '00000004', 'I_ROLE_04', 'zh_CN', 'Role04',0,0);
insert into IM_ROLE_NAME_MST ( ROLE_NAME_ID, ROLE_ID, LOCALE,ROLE_NAME,DELETED_FLG,VERSION_NO)
       values( '00000005', 'I_ROLE_01', 'en_US', 'Role01',0,0);
insert into IM_ROLE_NAME_MST ( ROLE_NAME_ID, ROLE_ID, LOCALE,ROLE_NAME,DELETED_FLG,VERSION_NO)
       values( '00000006', 'I_ROLE_02', 'en_US', 'Role02',0,0);
insert into IM_ROLE_NAME_MST ( ROLE_NAME_ID, ROLE_ID, LOCALE,ROLE_NAME,DELETED_FLG,VERSION_NO)
       values( '00000007', 'I_ROLE_03', 'en_US', 'Role03',0,0);
insert into IM_ROLE_NAME_MST ( ROLE_NAME_ID, ROLE_ID, LOCALE,ROLE_NAME,DELETED_FLG,VERSION_NO)
       values( '00000009', 'I_ROLE_01', 'de_DE', 'Rolle01',0,0);
insert into IM_ROLE_NAME_MST ( ROLE_NAME_ID, ROLE_ID, LOCALE,ROLE_NAME,DELETED_FLG,VERSION_NO)
       values( '00000010', 'I_ROLE_02', 'de_DE', 'Rolle02',0,0);
insert into IM_ROLE_NAME_MST ( ROLE_NAME_ID, ROLE_ID, LOCALE,ROLE_NAME,DELETED_FLG,VERSION_NO)
       values( '00000011', 'I_ROLE_03', 'de_DE', 'Rolle03',0,0);

-- IM_ORG_NAME_MST
insert into IM_ORG_NAME_MST ( ORG_NAME_ID, ORG_ID, LOCALE, ORG_NAME,DELETED_FLG,VERSION_NO )
       values( '00000001', 'I_ORG_01', 'ja_JP', 'Human Resources Department',0,0 );
insert into IM_ORG_NAME_MST ( ORG_NAME_ID, ORG_ID, LOCALE, ORG_NAME,DELETED_FLG,VERSION_NO )
       values( '00000002', 'I_ORG_02', 'ja_JP', 'Engineering Department',0,0 );
insert into IM_ORG_NAME_MST ( ORG_NAME_ID, ORG_ID, LOCALE, ORG_NAME,DELETED_FLG,VERSION_NO )
       values( '00000003', 'I_ORG_03', 'ja_JP', 'Management Department',0,0 );
insert into IM_ORG_NAME_MST ( ORG_NAME_ID, ORG_ID, LOCALE, ORG_NAME,DELETED_FLG,VERSION_NO )
       values( '00000004', 'I_ORG_01', 'en_US', 'Personnel affairs',0,0 );
insert into IM_ORG_NAME_MST ( ORG_NAME_ID, ORG_ID, LOCALE, ORG_NAME,DELETED_FLG,VERSION_NO )
       values( '00000005', 'I_ORG_02', 'en_US', 'Technology',0,0 );
insert into IM_ORG_NAME_MST ( ORG_NAME_ID, ORG_ID, LOCALE, ORG_NAME,DELETED_FLG,VERSION_NO )
       values( '00000006', 'I_ORG_03', 'en_US', 'Generalization',0,0 );
insert into IM_ORG_NAME_MST ( ORG_NAME_ID, ORG_ID, LOCALE, ORG_NAME,DELETED_FLG,VERSION_NO )
       values( '00000007', 'I_ORG_01', 'de_DE', 'Personalangelegenheiten',0,0 );
insert into IM_ORG_NAME_MST ( ORG_NAME_ID, ORG_ID, LOCALE, ORG_NAME,DELETED_FLG,VERSION_NO )
       values( '00000008', 'I_ORG_02', 'de_DE', 'Technologie',0,0 );
insert into IM_ORG_NAME_MST ( ORG_NAME_ID, ORG_ID, LOCALE, ORG_NAME,DELETED_FLG,VERSION_NO )
       values( '00000009', 'I_ORG_03', 'de_DE', 'Verallgemeinerung',0,0 );

-- IM_ORG_HIERARCHY
insert into IM_ORG_HIERARCHY ( HIERARCHY_ID, HIERARCHY_CODE, ORG_ID,DELETED_FLG,VERSION_NO )
       values( 'I_HIERARCHY_01', 'hierarchy01', 'I_ORG_01',0,0 );
insert into IM_ORG_HIERARCHY ( HIERARCHY_ID, HIERARCHY_CODE, ORG_ID, HIGH_ORG_ID,DELETED_FLG,VERSION_NO )
       values( 'I_HIERARCHY_02', 'hierarchy02', 'I_ORG_02', 'I_ORG_01',0,0 );
insert into IM_ORG_HIERARCHY ( HIERARCHY_ID, HIERARCHY_CODE, ORG_ID, HIGH_ORG_ID,DELETED_FLG,VERSION_NO )
       values( 'I_HIERARCHY_03', 'hierarchy03', 'I_ORG_03', 'I_ORG_02',0,0 );




-- sample差分確認
update IM_ORG_MST set COMPANY_ID='I_COMPANY_01', GROUP_FLG=0, ORG_TYPE='ORGTYPE';
update IM_TITLE_MST set COMPANY_ID='I_COMPANY_01', GROUP_FLG=0;

INSERT INTO IM_POLICY(POLICY_ID, POLICY_CODE, EFFECT, VERSION_NO) VALUES('policy_filter_001','policy_filter_001','Permit','0');

    INSERT INTO IM_RULE(RULE_ID, RULE_CODE, POLICY_ID, VERSION_NO) VALUES('I_RULE_01','rule_filter_001','policy_filter_001','0');
    INSERT INTO IM_SUBJECT(SUBJECT_ID, SUBJECT_CODE, RULE_ID, VALUE_TYPE, EVAL_TYPE, VALUE, VERSION_NO)       VALUES('I_SUBJECT_01','filter_001_subject','I_RULE_01','role','strfull','userRole, hManagerRole, eManagerRole','0');
    INSERT INTO IM_RESOURCE(RESOURCE_ID, RESOURCE_CODE, RULE_ID, VALUE_TYPE, EVAL_TYPE, VALUE, VERSION_NO)        VALUES('I_RESOURCE_01','filter_001_resource','I_RULE_01','url','strpart','/empMenu,/empSearchResult,/empDetail,/returnMenu,/empSearch,/detail/,/ajax/,/test_jsp,/testapi','0');
    INSERT INTO IM_ACTION(ACTION_ID, ACTION_CODE, RULE_ID, VALUE_TYPE, EVAL_TYPE, VALUE, VERSION_NO)      VALUES('I_ACTION_01','filter_001_action','I_RULE_01','httpmethod','strfull','GET,POST','0');
    INSERT INTO IM_CONDITION(CONDITION_ID, CONDITION_CODE, RULE_ID, VALUE_TYPE, EVAL_TYPE, VALUE, VERSION_NO)     VALUES('I_CONDITION_01','filter_001_condition','I_RULE_01','term','term','2009/08/01/12-2050/10/31/12','0');

    INSERT INTO IM_RULE(RULE_ID, RULE_CODE, POLICY_ID, VERSION_NO)        VALUES('I_RULE_02','rule_filter_002','policy_filter_001','0');
    INSERT INTO IM_SUBJECT(SUBJECT_ID, SUBJECT_CODE, RULE_ID, VALUE_TYPE, EVAL_TYPE, VALUE, VERSION_NO)       VALUES('I_SUBJECT_02','filter_002_subject','I_RULE_02','role','strfull','hManagerRole','0');
    INSERT INTO IM_RESOURCE(RESOURCE_ID, RESOURCE_CODE, RULE_ID, VALUE_TYPE, EVAL_TYPE, VALUE, VERSION_NO)        VALUES('I_RESOURCE_02','filter_002_resource','I_RULE_02','url','strpart','/empMenu,/returnMenu,/regist/,/update/,/delete/,/ajax/','0');
    INSERT INTO IM_ACTION(ACTION_ID, ACTION_CODE, RULE_ID, VALUE_TYPE, EVAL_TYPE, VALUE, VERSION_NO)      VALUES('I_ACTION_02','filter_002_action','I_RULE_02','httpmethod','strfull','GET,POST','0');
    INSERT INTO IM_CONDITION(CONDITION_ID, CONDITION_CODE, RULE_ID, VALUE_TYPE, EVAL_TYPE, VALUE, VERSION_NO)     VALUES('I_CONDITION_02','filter_002_condition','I_RULE_02','term','term','2009/08/01/12-2050/10/31/12','0');

INSERT INTO IM_POLICY(POLICY_ID, POLICY_CODE, EFFECT, VERSION_NO) VALUES('policy__taglib__role__user','policy__taglib__role__user','Permit','0');
    INSERT INTO IM_RULE(RULE_ID, RULE_CODE, POLICY_ID, VERSION_NO)        VALUES('I_RULE_03','rule_taglib_user','policy__taglib__role__user','0');
    INSERT INTO IM_SUBJECT(SUBJECT_ID, SUBJECT_CODE, RULE_ID, VALUE_TYPE, EVAL_TYPE, VALUE, VERSION_NO)       VALUES('I_SUBJECT_03','taglib_user_subject','I_RULE_03','role','strfull','userRole','0');
    INSERT INTO IM_RESOURCE(RESOURCE_ID, RESOURCE_CODE, RULE_ID, VALUE_TYPE, EVAL_TYPE, VALUE, VERSION_NO)        VALUES('I_RESOURCE_03','taglib_user_resource','I_RULE_03','gitem','strfull','res__menu__disp__name__user,res__search__disp__name__user,res__search__result__disp__name__user,res__detail__disp__name__user','0');
    INSERT INTO IM_ACTION(ACTION_ID, ACTION_CODE, RULE_ID, VALUE_TYPE, EVAL_TYPE, VALUE, VERSION_NO)      VALUES('I_ACTION_03','taglib_user_action','I_RULE_03','dotagbody','strfull','dotagbody','0');
    INSERT INTO IM_CONDITION(CONDITION_ID, CONDITION_CODE, RULE_ID, VALUE_TYPE, EVAL_TYPE, VALUE, VERSION_NO)     VALUES('I_CONDITION_03','taglib_user_condition','I_RULE_03','week','week','Sun,Mon,Tue,Wed,Thu,Fri,Sat','0');

INSERT INTO IM_POLICY(POLICY_ID, POLICY_CODE, EFFECT, VERSION_NO) VALUES('policy__taglib__role__hmanager','policy__taglib__role__hmanager','Permit','0');
    INSERT INTO IM_RULE(RULE_ID, RULE_CODE, POLICY_ID, VERSION_NO)        VALUES('I_RULE_04','rule_taglib_hmanager','policy__taglib__role__hmanager','0');
    INSERT INTO IM_SUBJECT(SUBJECT_ID, SUBJECT_CODE, RULE_ID, VALUE_TYPE, EVAL_TYPE, VALUE, VERSION_NO)       VALUES('I_SUBJECT_04','taglib_hmanager_subject','I_RULE_04','role','strfull','hManagerRole','0');
    INSERT INTO IM_RESOURCE(RESOURCE_ID, RESOURCE_CODE, RULE_ID, VALUE_TYPE, EVAL_TYPE, VALUE, VERSION_NO)        VALUES('I_RESOURCE_04','taglib_hmanager_resource','I_RULE_04','gitem','strfull','res__menu__disp__name__hmanager,res__search__disp__name__hmanager,res__search__result__disp__name__hmanager,res__detail__disp__name__hmanager,res__menu__link__regist,res__search__result__button_ud,res__search__field__contract_term,res__search__result__field__contract_term,res__detail__field__contract_term__group,res__async__detail__field__contract_term__group','0');
    INSERT INTO IM_ACTION(ACTION_ID, ACTION_CODE, RULE_ID, VALUE_TYPE, EVAL_TYPE, VALUE, VERSION_NO)      VALUES('I_ACTION_04','taglib_hmanager_action','I_RULE_04','dotagbody','strfull','dotagbody','0');
    INSERT INTO IM_CONDITION(CONDITION_ID, CONDITION_CODE, RULE_ID, VALUE_TYPE, EVAL_TYPE, VALUE, VERSION_NO)     VALUES('I_CONDITION_04','taglib_hmanager_condition','I_RULE_04','week','week','Sun,Mon,Tue,Wed,Thu,Fri,Sat','0');

INSERT INTO IM_POLICY(POLICY_ID, POLICY_CODE, EFFECT, VERSION_NO) VALUES('policy__taglib__role__no_hmanager','policy__taglib__role__no_hmanager','Deny','0');
    INSERT INTO IM_RULE(RULE_ID, RULE_CODE, POLICY_ID, VERSION_NO)        VALUES('I_RULE_05','rule_taglib_no_hmanager','policy__taglib__role__no_hmanager','0');
    INSERT INTO IM_SUBJECT(SUBJECT_ID, SUBJECT_CODE, RULE_ID, VALUE_TYPE, EVAL_TYPE, VALUE, VERSION_NO)       VALUES('I_SUBJECT_05','taglib_no_hmanager_subject','I_RULE_05','role','strfull','hManagerRole','0');
    INSERT INTO IM_RESOURCE(RESOURCE_ID, RESOURCE_CODE, RULE_ID, VALUE_TYPE, EVAL_TYPE, VALUE, VERSION_NO)        VALUES('I_RESOURCE_05','taglib_no_hmanager_resource','I_RULE_05','gitem','strfull',         'res__search__field__contract_term__hidden','0');
    INSERT INTO IM_ACTION(ACTION_ID, ACTION_CODE, RULE_ID, VALUE_TYPE, EVAL_TYPE, VALUE, VERSION_NO)      VALUES('I_ACTION_05','taglib_no_hmanager_action','I_RULE_05','dotagbody','strfull','dotagbody','0');

INSERT INTO IM_POLICY(POLICY_ID, POLICY_CODE, EFFECT, VERSION_NO) VALUES('policy__taglib__role__emanager','policy__taglib__role__emanager','Permit','0');
    INSERT INTO IM_RULE(RULE_ID, RULE_CODE, POLICY_ID, VERSION_NO)        VALUES('I_RULE_06','rule_taglib_emanager','policy__taglib__role__emanager','0');
    INSERT INTO IM_SUBJECT(SUBJECT_ID, SUBJECT_CODE, RULE_ID, VALUE_TYPE, EVAL_TYPE, VALUE, VERSION_NO)       VALUES('I_SUBJECT_06','taglib_emanager_subject','I_RULE_06','role','strfull','eManagerRole','0');
    INSERT INTO IM_RESOURCE(RESOURCE_ID, RESOURCE_CODE, RULE_ID, VALUE_TYPE, EVAL_TYPE, VALUE, VERSION_NO)        VALUES('I_RESOURCE_06','taglib_emanager_resource','I_RULE_06','gitem','strfull','res__menu__disp__name__emanager,res__search__disp__name__emanager,res__search__result__disp__name__emanager,res__detail__disp__name__emanager,res__search__field__job,res__search__result__field__job,res__detail__field__job,res__async__detail__field__job','0');
    INSERT INTO IM_ACTION(ACTION_ID, ACTION_CODE, RULE_ID, VALUE_TYPE, EVAL_TYPE, VALUE, VERSION_NO)      VALUES('I_ACTION_06','taglib_emanager_action','I_RULE_06','dotagbody','strfull','dotagbody','0');
    INSERT INTO IM_CONDITION(CONDITION_ID, CONDITION_CODE, RULE_ID, VALUE_TYPE, EVAL_TYPE, VALUE, VERSION_NO)     VALUES('I_CONDITION_05','taglib_emanager_condition','I_RULE_06','week','week','Sun,Mon,Tue,Wed,Thu,Fri,Sat','0');

INSERT INTO IM_POLICY(POLICY_ID, POLICY_CODE, EFFECT, VERSION_NO) VALUES('policy__taglib__role__no_emanager','policy__taglib__role__no_emanager','Deny','0');
    INSERT INTO IM_RULE(RULE_ID, RULE_CODE, POLICY_ID, VERSION_NO)        VALUES('I_RULE_07','rule_taglib_no_emanager','policy__taglib__role__no_emanager','0');
    INSERT INTO IM_SUBJECT(SUBJECT_ID, SUBJECT_CODE, RULE_ID, VALUE_TYPE, EVAL_TYPE, VALUE, VERSION_NO)       VALUES('I_SUBJECT_07','taglib_no_emanager_subject','I_RULE_07','role','strfull','eManagerRole','0');
    INSERT INTO IM_RESOURCE(RESOURCE_ID, RESOURCE_CODE, RULE_ID, VALUE_TYPE, EVAL_TYPE, VALUE, VERSION_NO)        VALUES('I_RESOURCE_07','taglib_no_emanager_resource','I_RULE_07','gitem','strfull',         'res__search__field__job__hidden','0');
    INSERT INTO IM_ACTION(ACTION_ID, ACTION_CODE, RULE_ID, VALUE_TYPE, EVAL_TYPE, VALUE, VERSION_NO)      VALUES('I_ACTION_07','taglib_no_emanager_action','I_RULE_07','dotagbody','strfull','dotagbody','0');

INSERT INTO IM_POLICY(POLICY_ID, POLICY_CODE, EFFECT, VERSION_NO) VALUES('policy__taglib__role__managers','policy__taglib__role__managers','Permit','0');
    INSERT INTO IM_RULE(RULE_ID, RULE_CODE, POLICY_ID, VERSION_NO)        VALUES('I_RULE_08','rule_taglib_managers','policy__taglib__role__managers','0');
    INSERT INTO IM_SUBJECT(SUBJECT_ID, SUBJECT_CODE, RULE_ID, VALUE_TYPE, EVAL_TYPE, VALUE, VERSION_NO)       VALUES('I_SUBJECT_08','taglib_managers_subject_01','I_RULE_08','role','strfull','eManagerRole','0');
    INSERT INTO IM_SUBJECT(SUBJECT_ID, SUBJECT_CODE, RULE_ID, VALUE_TYPE, EVAL_TYPE, VALUE, VERSION_NO)       VALUES('I_SUBJECT_09','taglib_managers_subject_02','I_RULE_08','role','strfull','hManagerRole','0');
    INSERT INTO IM_RESOURCE(RESOURCE_ID, RESOURCE_CODE, RULE_ID, VALUE_TYPE, EVAL_TYPE, VALUE, VERSION_NO)        VALUES('I_RESOURCE_08','taglib_managers_resource','I_RULE_08','gitem','strfull','res__menu__disp__name__managers,res__search__disp__name__managers,res__search__result__disp__name__managers,res__detail__disp__name__managers','0');
    INSERT INTO IM_ACTION(ACTION_ID, ACTION_CODE, RULE_ID, VALUE_TYPE, EVAL_TYPE, VALUE, VERSION_NO)      VALUES('I_ACTION_08','taglib_managers_action','I_RULE_08','dotagbody','strfull','dotagbody','0');
    INSERT INTO IM_CONDITION(CONDITION_ID, CONDITION_CODE, RULE_ID, VALUE_TYPE, EVAL_TYPE, VALUE, VERSION_NO)     VALUES('I_CONDITION_06','taglib_managers_condition','I_RULE_08','week','week','Sun,Mon,Tue,Wed,Thu,Fri,Sat','0');

INSERT INTO IM_POLICY(POLICY_ID, POLICY_CODE, EFFECT, VERSION_NO) VALUES('policy_filter_102','policy_filter_102','Permit','0');

    INSERT INTO IM_RULE(RULE_ID, RULE_CODE, POLICY_ID, VERSION_NO)        VALUES('I_RULE_09','rule_filter_003','policy_filter_102','0');
    INSERT INTO IM_SUBJECT(SUBJECT_ID, SUBJECT_CODE, RULE_ID, VALUE_TYPE, EVAL_TYPE, VALUE, VERSION_NO)        VALUES('I_SUBJECT_10','filter_003_subject','I_RULE_09','role','strfull','userRole, hManagerRole, eManagerRole','0');
    INSERT INTO IM_RESOURCE(RESOURCE_ID, RESOURCE_CODE, RULE_ID, VALUE_TYPE, EVAL_TYPE, VALUE, VERSION_NO)        VALUES('I_RESOURCE_09','filter_003_resource','I_RULE_09','url','strpart','/test/getCreationTime.action','0');
    INSERT INTO IM_ACTION(ACTION_ID, ACTION_CODE, RULE_ID, VALUE_TYPE, EVAL_TYPE, VALUE, VERSION_NO)        VALUES('I_ACTION_09','filter_003_action','I_RULE_09','httpmethod','strfull','GET,POST','0');
    INSERT INTO IM_CONDITION(CONDITION_ID, CONDITION_CODE, RULE_ID, VALUE_TYPE, EVAL_TYPE, VALUE, VERSION_NO)        VALUES('I_CONDITION_09','filter_003_condition','I_RULE_09','term','term','2009/08/01/12-2050/10/31/12','0');

    INSERT INTO IM_RULE(RULE_ID, RULE_CODE, POLICY_ID, VERSION_NO)        VALUES('I_RULE_10','rule_filter_004','policy_filter_102','0');
    INSERT INTO IM_SUBJECT(SUBJECT_ID, SUBJECT_CODE, RULE_ID, VALUE_TYPE, EVAL_TYPE, VALUE, VERSION_NO)        VALUES('I_SUBJECT_11','filter_004_subject','I_RULE_10','role','strfull','hManagerRole','0');
    INSERT INTO IM_RESOURCE(RESOURCE_ID, RESOURCE_CODE, RULE_ID, VALUE_TYPE, EVAL_TYPE, VALUE, VERSION_NO)        VALUES('I_RESOURCE_10','filter_004_resource','I_RULE_10','url','strpart','/test/getLastAccessedTime.action','0');
    INSERT INTO IM_ACTION(ACTION_ID, ACTION_CODE, RULE_ID, VALUE_TYPE, EVAL_TYPE, VALUE, VERSION_NO)        VALUES('I_ACTION_10','filter_004_action','I_RULE_10','httpmethod','strfull','GET,POST','0');
    INSERT INTO IM_CONDITION(CONDITION_ID, CONDITION_CODE, RULE_ID, VALUE_TYPE, EVAL_TYPE, VALUE, VERSION_NO)        VALUES('I_CONDITION_10','filter_004_condition','I_RULE_10','term','term','2009/08/01/12-2050/10/31/12','0');

    INSERT INTO IM_RULE(RULE_ID, RULE_CODE, POLICY_ID, VERSION_NO)        VALUES('I_RULE_11','rule_filter_005','policy_filter_102','0');
    INSERT INTO IM_SUBJECT(SUBJECT_ID, SUBJECT_CODE, RULE_ID, VALUE_TYPE, EVAL_TYPE, VALUE, VERSION_NO)        VALUES('I_SUBJECT_12','filter_005_subject','I_RULE_11','role','strfull','userRole, hManagerRole, eManagerRole','0');
    INSERT INTO IM_RESOURCE(RESOURCE_ID, RESOURCE_CODE, RULE_ID, VALUE_TYPE, EVAL_TYPE, VALUE, VERSION_NO)        VALUES('I_RESOURCE_11','filter_005_resource','I_RULE_11','url','strpart','/test/testUrlAuthz','0');
    INSERT INTO IM_RESOURCE(RESOURCE_ID, RESOURCE_CODE, RULE_ID, VALUE_TYPE, EVAL_TYPE, VALUE, VERSION_NO)        VALUES('I_RESOURCE_12','filter_006_resource','I_RULE_11','method','strpart','select','0');
    INSERT INTO IM_ACTION(ACTION_ID, ACTION_CODE, RULE_ID, VALUE_TYPE, EVAL_TYPE, VALUE, VERSION_NO)        VALUES('I_ACTION_11','filter_005_action','I_RULE_11','httpmethod','strfull','GET,POST','0');
    INSERT INTO IM_CONDITION(CONDITION_ID, CONDITION_CODE, RULE_ID, VALUE_TYPE, EVAL_TYPE, VALUE, VERSION_NO)        VALUES('I_CONDITION_11','filter_005_condition','I_RULE_11','term','term','2009/08/01/12-2050/10/31/12','0');

    INSERT INTO IM_RULE(RULE_ID, RULE_CODE, POLICY_ID, VERSION_NO)        VALUES('I_RULE_12','rule_filter_006','policy_filter_102','0');
    INSERT INTO IM_SUBJECT(SUBJECT_ID, SUBJECT_CODE, RULE_ID, VALUE_TYPE, EVAL_TYPE, VALUE, VERSION_NO)        VALUES('I_SUBJECT_13','filter_006_subject','I_RULE_12','role','strfull','hManagerRole','0');
    INSERT INTO IM_RESOURCE(RESOURCE_ID, RESOURCE_CODE, RULE_ID, VALUE_TYPE, EVAL_TYPE, VALUE, VERSION_NO)        VALUES('I_RESOURCE_13','filter_007_resource','I_RULE_12','url','strpart','/test/testUrlAuthz','0');
    INSERT INTO IM_RESOURCE(RESOURCE_ID, RESOURCE_CODE, RULE_ID, VALUE_TYPE, EVAL_TYPE, VALUE, VERSION_NO)        VALUES('I_RESOURCE_14','filter_008_resource','I_RULE_12','method','strpart','update','0');
    INSERT INTO IM_ACTION(ACTION_ID, ACTION_CODE, RULE_ID, VALUE_TYPE, EVAL_TYPE, VALUE, VERSION_NO)        VALUES('I_ACTION_12','filter_006_action','I_RULE_12','httpmethod','strfull','GET,POST','0');
    INSERT INTO IM_CONDITION(CONDITION_ID, CONDITION_CODE, RULE_ID, VALUE_TYPE, EVAL_TYPE, VALUE, VERSION_NO)        VALUES('I_CONDITION_12','filter_006_condition','I_RULE_12','term','term','2009/08/01/12-2050/10/31/12','0');

    INSERT INTO IM_RULE(RULE_ID, RULE_CODE, POLICY_ID, VERSION_NO)        VALUES('I_RULE_13','rule_filter_007','policy_filter_102','0');
    INSERT INTO IM_SUBJECT(SUBJECT_ID, SUBJECT_CODE, RULE_ID, VALUE_TYPE, EVAL_TYPE, VALUE, VERSION_NO)        VALUES('I_SUBJECT_14','filter_007_subject','I_RULE_13','role','strfull','userRole, hManagerRole, eManagerRole','0');
    INSERT INTO IM_RESOURCE(RESOURCE_ID, RESOURCE_CODE, RULE_ID, VALUE_TYPE, EVAL_TYPE, VALUE, VERSION_NO)        VALUES('I_RESOURCE_15','filter_009_resource','I_RULE_13','method','strpart','regist','0');
    INSERT INTO IM_ACTION(ACTION_ID, ACTION_CODE, RULE_ID, VALUE_TYPE, EVAL_TYPE, VALUE, VERSION_NO)        VALUES('I_ACTION_13','filter_007_action','I_RULE_13','httpmethod','strfull','GET,POST','0');
    INSERT INTO IM_CONDITION(CONDITION_ID, CONDITION_CODE, RULE_ID, VALUE_TYPE, EVAL_TYPE, VALUE, VERSION_NO)        VALUES('I_CONDITION_13','filter_007_condition','I_RULE_13','term','term','2009/08/01/12-2050/10/31/12','0');

    INSERT INTO IM_RULE(RULE_ID, RULE_CODE, POLICY_ID, VERSION_NO)        VALUES('I_RULE_14','rule_filter_008','policy_filter_102','0');
    INSERT INTO IM_SUBJECT(SUBJECT_ID, SUBJECT_CODE, RULE_ID, VALUE_TYPE, EVAL_TYPE, VALUE, VERSION_NO)        VALUES('I_SUBJECT_15','filter_008_subject','I_RULE_14','role','strfull','hManagerRole','0');
    INSERT INTO IM_RESOURCE(RESOURCE_ID, RESOURCE_CODE, RULE_ID, VALUE_TYPE, EVAL_TYPE, VALUE, VERSION_NO)        VALUES('I_RESOURCE_16','filter_010_resource','I_RULE_14','method','strpart','delete','0');
    INSERT INTO IM_ACTION(ACTION_ID, ACTION_CODE, RULE_ID, VALUE_TYPE, EVAL_TYPE, VALUE, VERSION_NO)        VALUES('I_ACTION_14','filter_008_action','I_RULE_14','httpmethod','strfull','GET,POST','0');
    INSERT INTO IM_CONDITION(CONDITION_ID, CONDITION_CODE, RULE_ID, VALUE_TYPE, EVAL_TYPE, VALUE, VERSION_NO)        VALUES('I_CONDITION_14','filter_008_condition','I_RULE_14','term','term','2009/08/01/12-2050/10/31/12','0');

INSERT INTO IM_POLICY(POLICY_ID, POLICY_CODE, EFFECT, VERSION_NO) VALUES('policy_authorizeAPI_test','policy_authorizeAPI_test','Permit','0');

    INSERT INTO IM_RULE(RULE_ID, RULE_CODE, POLICY_ID, VERSION_NO)        VALUES('I_RULE_15','rule_authorizeAPI','policy_authorizeAPI_test','0');
    INSERT INTO IM_SUBJECT(SUBJECT_ID, SUBJECT_CODE, RULE_ID, VALUE_TYPE, EVAL_TYPE, VALUE, VERSION_NO)        VALUES('I_SUBJECT_16','authorizeAPI_subject','I_RULE_15','role','strfull','hManagerRole','0');
    INSERT INTO IM_RESOURCE(RESOURCE_ID, RESOURCE_CODE, RULE_ID, VALUE_TYPE, EVAL_TYPE, VALUE, VERSION_NO)        VALUES('I_RESOURCE_17','authorizeAPI_resource','I_RULE_15','gitem','strfull','test.jsp','0');

INSERT INTO IM_POLICY(POLICY_ID, POLICY_CODE, EFFECT, VERSION_NO) VALUES('policy__taglib__role__Regular','policy__taglib__role__Regular','Permit','0');
    INSERT INTO IM_RULE(RULE_ID, RULE_CODE, POLICY_ID, VERSION_NO)        VALUES('I_RULE_21','rule_taglib_Regular','policy__taglib__role__Regular','0');
    INSERT INTO IM_SUBJECT(SUBJECT_ID, SUBJECT_CODE, RULE_ID, VALUE_TYPE, EVAL_TYPE, VALUE, VERSION_NO)       VALUES('I_SUBJECT_21','taglib_Regular_subject','I_RULE_21','role','strfull','RegularRole','0');
    INSERT INTO IM_RESOURCE(RESOURCE_ID, RESOURCE_CODE, RULE_ID, VALUE_TYPE, EVAL_TYPE, VALUE, VERSION_NO)        VALUES('I_RESOURCE_21','taglib_Regular_resource','I_RULE_21','gitem','strfull','res__menu__disp__name__Regular,res__search__disp__name__Regular,res__search__result__disp__name__Regular,res__detail__disp__name__Regular,res__search__field__job,res__search__result__field__job,res__detail__field__job,res__async__detail__field__job','0');
    INSERT INTO IM_ACTION(ACTION_ID, ACTION_CODE, RULE_ID, VALUE_TYPE, EVAL_TYPE, VALUE, VERSION_NO)      VALUES('I_ACTION_21','taglib_Regular_action','I_RULE_21','dotagbody','strfull','dotagbody','0');
    INSERT INTO IM_CONDITION(CONDITION_ID, CONDITION_CODE, RULE_ID, VALUE_TYPE, EVAL_TYPE, VALUE, VERSION_NO)     VALUES('I_CONDITION_21','taglib_Regular_condition','I_RULE_21','week','week','Sun,Mon,Tue,Wed,Thu,Fri,Sat','0');

INSERT INTO IM_POLICY(POLICY_ID, POLICY_CODE, EFFECT, VERSION_NO) VALUES('policy__taglib__role__Premium','policy__taglib__role__Premium','Permit','0');
    INSERT INTO IM_RULE(RULE_ID, RULE_CODE, POLICY_ID, VERSION_NO)        VALUES('I_RULE_22','rule_taglib_Premium','policy__taglib__role__Premium','0');
    INSERT INTO IM_SUBJECT(SUBJECT_ID, SUBJECT_CODE, RULE_ID, VALUE_TYPE, EVAL_TYPE, VALUE, VERSION_NO)       VALUES('I_SUBJECT_22','taglib_Premium_subject','I_RULE_22','role','strfull','PremiumRole','0');
    INSERT INTO IM_RESOURCE(RESOURCE_ID, RESOURCE_CODE, RULE_ID, VALUE_TYPE, EVAL_TYPE, VALUE, VERSION_NO)        VALUES('I_RESOURCE_22','taglib_Premium_resource','I_RULE_22','gitem','strfull','res__menu__disp__name__Premium,res__search__disp__name__Premium,res__search__result__disp__name__Premium,res__detail__disp__name__Premium,res__search__field__job,res__search__result__field__job,res__detail__field__job,res__async__detail__field__job','0');
    INSERT INTO IM_ACTION(ACTION_ID, ACTION_CODE, RULE_ID, VALUE_TYPE, EVAL_TYPE, VALUE, VERSION_NO)      VALUES('I_ACTION_22','taglib_Premium_action','I_RULE_22','dotagbody','strfull','dotagbody','0');
    INSERT INTO IM_CONDITION(CONDITION_ID, CONDITION_CODE, RULE_ID, VALUE_TYPE, EVAL_TYPE, VALUE, VERSION_NO)     VALUES('I_CONDITION_22','taglib_Premium_condition','I_RULE_22','week','week','Sun,Mon,Tue,Wed,Thu,Fri,Sat','0');

commit;